{
  "display": {
    "background": "minecraft:textures/block/stone.png",
    "icon": {
      "item": "minecraft:bedrock"
    },
    "title": "Achieve the unachievable.",
    "description": "Obtain bedrock",
    "frame": "challenge",
    "show_toast": true,
    "announce_to_chat": true,
    "hidden": false
  },
  "criteria": {
    "theimpossible": {
      "trigger": "minecraft:inventory_changed",
      "conditions": {
        "items": [
          {
            "items": [
              "minecraft:bedrock"
            ],
            "count": {
              "min": 0,
              "max": 1
            }
          }
        ]
      }
    }
  },
  "rewards": {
    "experience": 1000
  }
}